insert into cart.hibernate_sequence (next_val) values (73);
insert into cart.hibernate_sequence (next_val) values (73);

insert into cart.order_cart (id, fullname, email, phone, address, date_time, total_price) values (29, 'Long Nguyen', 'admin@gmail.com', 1938241233, 'tan trieu', '28/12/2018 - 16:42:2', 9138000);
insert into cart.order_cart (id, fullname, email, phone, address, date_time, total_price) values (32, 'Ha Ba', 'abc@gmail.com', 123123, 'tan trieu', '28/12/2018 - 16:48:32', 167804000);
insert into cart.order_cart (id, fullname, email, phone, address, date_time, total_price) values (38, '', '', '', '', '30/12/2018 - 0:23:44', 40107000);
insert into cart.order_cart (id, fullname, email, phone, address, date_time, total_price) values (41, 'Ha Ba', 'abc@gmail.com', 01839213, '', '30/12/2018 - 0:34:40', 82639000);
insert into cart.order_cart (id, fullname, email, phone, address, date_time, total_price) values (44, 'Long Nguyen', 'admin@123', 1938241233, 'tan trieu', '30/12/2018 - 0:37:22', 5678000);
insert into cart.order_cart (id, fullname, email, phone, address, date_time, total_price) values (47, 'Ha Ba', 'admin@123', 123123, 'tan trieu', '30/12/2018 - 13:28:48', 5715000);
insert into cart.order_cart (id, fullname, email, phone, address, date_time, total_price) values (49, 'Long Nguyen', 'admin@gmail.com', 97987986, '', '30/12/2018 - 13:29:38', 13335000);
insert into cart.order_cart (id, fullname, email, phone, address, date_time, total_price) values (51, 'Long Nguyen', 'admin@gmail.com', 01839213, 'tan trieu', '30/12/2018 - 17:38:57', 46346000);
insert into cart.order_cart (id, fullname, email, phone, address, date_time, total_price) values (58, 'Ha Ba', 'tranvangiang642190@gmail.com', 1938241233, 'mỹ đình - nam từ liêm', '31/12/2018 - 17:14:33', 79505000);
insert into cart.order_cart (id, fullname, email, phone, address, date_time, total_price) values (62, 'Cao Xuân Tuân', 'caotuan@gmail.com', 03381604044, 'xóm án', '1/1/2019 - 15:5:55', 696357000);
insert into cart.order_cart (id, fullname, email, phone, address, date_time, total_price) values (69, 'Ha Ba', 'abc@gmail.com', 01839213, 'tan trieu', '8/1/2019 - 15:55:40', 158115000);
insert into cart.order_cart (id, fullname, email, phone, address, date_time, total_price) values (71, 'Long Nguyen', 'admin@gmail.com', 1938241233, '', '8/1/2019 - 15:56:44', 6285000);

insert into cart.order_product (product_id, order_id) values (1, 32);
insert into cart.order_product (product_id, order_id) values (1, 47);
insert into cart.order_product (product_id, order_id) values (1, 49);
insert into cart.order_product (product_id, order_id) values (1, 58);
insert into cart.order_product (product_id, order_id) values (1, 62);
insert into cart.order_product (product_id, order_id) values (1, 69);
insert into cart.order_product (product_id, order_id) values (2, 16);
insert into cart.order_product (product_id, order_id) values (2, 17);
insert into cart.order_product (product_id, order_id) values (2, 18);
insert into cart.order_product (product_id, order_id) values (2, 20);
insert into cart.order_product (product_id, order_id) values (2, 21);
insert into cart.order_product (product_id, order_id) values (2, 23);
insert into cart.order_product (product_id, order_id) values (2, 27);
insert into cart.order_product (product_id, order_id) values (2, 28);
insert into cart.order_product (product_id, order_id) values (2, 29);
insert into cart.order_product (product_id, order_id) values (2, 32);
insert into cart.order_product (product_id, order_id) values (2, 41);
insert into cart.order_product (product_id, order_id) values (2, 44);
insert into cart.order_product (product_id, order_id) values (2, 51);
insert into cart.order_product (product_id, order_id) values (3, 16);
insert into cart.order_product (product_id, order_id) values (3, 17);
insert into cart.order_product (product_id, order_id) values (3, 19);
insert into cart.order_product (product_id, order_id) values (3, 21);
insert into cart.order_product (product_id, order_id) values (3, 23);
insert into cart.order_product (product_id, order_id) values (3, 24);
insert into cart.order_product (product_id, order_id) values (3, 27);
insert into cart.order_product (product_id, order_id) values (3, 29);
insert into cart.order_product (product_id, order_id) values (3, 32);
insert into cart.order_product (product_id, order_id) values (3, 38);
insert into cart.order_product (product_id, order_id) values (4, 22);
insert into cart.order_product (product_id, order_id) values (4, 23);
insert into cart.order_product (product_id, order_id) values (4, 24);
insert into cart.order_product (product_id, order_id) values (4, 32);
insert into cart.order_product (product_id, order_id) values (4, 38);
insert into cart.order_product (product_id, order_id) values (5, 62);
insert into cart.order_product (product_id, order_id) values (6, 62);
insert into cart.order_product (product_id, order_id) values (7, 51);
insert into cart.order_product (product_id, order_id) values (7, 58);
insert into cart.order_product (product_id, order_id) values (7, 62);
insert into cart.order_product (product_id, order_id) values (37, 62);
insert into cart.order_product (product_id, order_id) values (37, 71);
insert into cart.order_product (product_id, order_id) values (61, 62);

insert into cart.product (id, image, name, price, quantity, url) values (1, 'https://salt.tikicdn.com/cache/w1200/ts/product/88/40/ae/c816e869a8d70033036a5547522a681d.jpg', 'Ổ Cứng SSD Sata III 2.5 inch 250GB Samsung 860 Evo MZ-76E250BW - Hàng Chính Hãng', 1905000, 0, 'o-cung-ssd-sata-iii-2.5-inch-250gb-samsung-860-evo-mz-76e250bw---hang-chinh-hang');
insert into cart.product (id, image, name, price, quantity, url) values (2, 'https://salt.tikicdn.com/cache/w1200/ts/product/56/c7/0e/a09b34c696e805b68a378c365737d5b2.jpg', 'Điện Thoại Samsung Galaxy J3 Pro - Hàng Chính Hãng', 2839000, 5, 'dien-thoai-samsung-galaxy-j3-pro---hang-chinh-hang');
insert into cart.product (id, image, name, price, quantity, url) values (3, 'https://salt.tikicdn.com/cache/w1200/media/catalog/product/e/x/ex200-2.u425.d20170309.t162916.222253.jpg', 'Bộ Kích Sóng Wifi Repeater 300Mbps Totolink EX200 - Hàng Chính Hãng', 207000, 0, 'bo-kich-song-wifi-repeater-300mbps-totolink-ex200---hang-chinh-hang');
insert into cart.product (id, image, name, price, quantity, url) values (4, 'https://salt.tikicdn.com/cache/w1200/ts/product/d0/71/a4/d2d30cc0bfd57dabd834ae096f254bab.jpg', 'Xe Máy Điện Thông Minh Vinfast Klara Phiên Bản Pin Lithium - Vàng cát', 39900000, 1, 'xe-may-dien-thong-minh-vinfast-klara-phien-ban-pin-lithium---vang-cat');
insert into cart.product (id, image, name, price, quantity, url) values (5, 'https://salt.tikicdn.com/cache/w1200/ts/product/a1/96/3f/0c6f9fbd7126d9aed34f2862a8b797af.jpg', 'Loa Bluetooth JBL Xtreme 40W - Hàng Chính Hãng', 3790000, 4, 'loa-bluetooth-jbl-xtreme-40w---hang-chinh-hang');
insert into cart.product (id, image, name, price, quantity, url) values (6, 'https://salt.tikicdn.com/cache/550x550/ts/product/77/22/6f/f94a3e4489f2bbabf7997e58ca15a9a7.jpg', 'Đồng Hồ Thông Minh Xiaomi Amazfit Pace - Hàng Chính Hãng', 2699000, 20, 'dong-ho-thong-minh-xiaomi-amazfit-pace---hang-chinh-hang');
insert into cart.product (id, image, name, price, quantity, url) values (7, 'https://salt.tikicdn.com/cache/w1200/ts/product/eb/a6/b5/401a168da7ad492e8517ff7cb00da961.jpg', 'Điện Thoại iPhone XS 512GB - Hàng Chính Hãng', 34990000, 77, 'dien-thoai-iphone-xs-512gb---hang-chinh-hang');
insert into cart.product (id, image, name, price, quantity, url) values (37, 'https://salt.tikicdn.com/cache/200x200/media/catalog/product/3/_/3.u2751.d20170419.t225528.458623.jpg', 'Bộ Phát Wifi Totolink N200RE-V3 Và Kích Sóng Wifi Totolink EX200 – Hàng Chính hãng', 419000, 0, 'bo-phat-wifi-totolink-n200re-v3-va-kich-song-wifi-totolink-ex200-–-hang-chinh-hang');
insert into cart.product (id, image, name, price, quantity, url) values (61, 'https://salt.tikicdn.com/cache/w1200/ts/product/f4/c3/eb/895bca30bfdb267e8a3c16c338f7e961.jpg', 'Xà Đơn 2018 new (60-100cm)', 147000, 24, 'xa-don-2018-new-(60-100cm)');

insert into cart.quantity (id, quantity_one_product, order_id, product_id) values (30, 3, 29, 3);
insert into cart.quantity (id, quantity_one_product, order_id, product_id) values (31, 3, 29, 2);
insert into cart.quantity (id, quantity_one_product, order_id, product_id) values (33, 1, 32, 1);
insert into cart.quantity (id, quantity_one_product, order_id, product_id) values (34, 2, 32, 2);
insert into cart.quantity (id, quantity_one_product, order_id, product_id) values (35, 3, 32, 3);
insert into cart.quantity (id, quantity_one_product, order_id, product_id) values (36, 4, 32, 4);
insert into cart.quantity (id, quantity_one_product, order_id, product_id) values (39, 1, 38, 4);
insert into cart.quantity (id, quantity_one_product, order_id, product_id) values (40, 1, 38, 3);
insert into cart.quantity (id, quantity_one_product, order_id, product_id) values (42, 2, 41, 4);
insert into cart.quantity (id, quantity_one_product, order_id, product_id) values (43, 1, 41, 2);
insert into cart.quantity (id, quantity_one_product, order_id, product_id) values (45, 3, 44, 4);
insert into cart.quantity (id, quantity_one_product, order_id, product_id) values (46, 2, 44, 2);
insert into cart.quantity (id, quantity_one_product, order_id, product_id) values (48, 3, 47, 1);
insert into cart.quantity (id, quantity_one_product, order_id, product_id) values (50, 7, 49, 1);
insert into cart.quantity (id, quantity_one_product, order_id, product_id) values (52, 4, 51, 2);
insert into cart.quantity (id, quantity_one_product, order_id, product_id) values (53, 1, 51, 7);
insert into cart.quantity (id, quantity_one_product, order_id, product_id) values (59, 5, 58, 1);
insert into cart.quantity (id, quantity_one_product, order_id, product_id) values (60, 2, 58, 7);
insert into cart.quantity (id, quantity_one_product, order_id, product_id) values (63, 11, 62, 1);
insert into cart.quantity (id, quantity_one_product, order_id, product_id) values (64, 1, 62, 5);
insert into cart.quantity (id, quantity_one_product, order_id, product_id) values (65, 2, 62, 6);
insert into cart.quantity (id, quantity_one_product, order_id, product_id) values (66, 19, 62, 7);
insert into cart.quantity (id, quantity_one_product, order_id, product_id) values (67, 3, 62, 37);
insert into cart.quantity (id, quantity_one_product, order_id, product_id) values (68, 1, 62, 61);
insert into cart.quantity (id, quantity_one_product, order_id, product_id) values (70, 83, 69, 1);
insert into cart.quantity (id, quantity_one_product, order_id, product_id) values (72, 15, 71, 37);


insert into cart.user (id, username, password, email, phone, fullname, address, province) values (56, 'admin', '$2a$10$Aad4ySTi50xEni2QTpvXH.u.n/6gzp/Q5zyo6BBNRahbH0CvpoOfq', 'admin@gmail.com', null, null, null, null);
insert into cart.user (id, username, password, email, phone, fullname, address, province) values (57, 'user', '$2a$10$Gngus93nlwKzagN22nz/nu4kbLGfNCEdeIOxDdRRyaxfUVLbiWiOS', 'member@gmail.com', null, null, null, null);

insert into cart.user_role (user_id, role_id) values (56, 54);
insert into cart.user_role (user_id, role_id) values (56, 55);
insert into cart.user_role (user_id, role_id) values (57, 55);
